Z,N,pred_NN
8,8,-1.173991
8,9,0.13426638
9,8,0.56068414
8,10,-0.7453203
9,9,-1.053751
10,8,-0.10781497
8,11,-0.12716946
9,10,-2.3351436
10,9,-2.0491788
11,8,0.9514666
8,12,0.63835734
9,11,-0.80253845
10,10,-0.74770015
11,9,-0.7142075
12,8,1.2147632
8,13,2.134787
9,12,-0.76238924
10,11,-1.5601766
11,10,-1.241612
12,9,0.05175215
8,14,3.4646542
9,13,0.77959746
10,12,-1.0397291
11,11,-1.1551919
12,10,-0.5627458
8,15,4.7265625
9,14,1.8460891
10,13,-0.23329389
11,12,-1.002183
12,11,-0.8390743
13,10,0.6256535
9,15,2.9736936
10,14,0.5658753
11,13,-0.011006236
12,12,-0.22680196
13,11,0.44179443
14,10,-0.1903885
9,16,2.4019954
10,15,1.801882
11,14,0.103490055
12,13,-0.429124
13,12,-0.49610156
14,11,0.67405635
9,17,0.8774929
10,16,0.9575748
11,15,1.170136
12,14,-0.1511789
13,13,-0.28975764
14,12,0.27047932
9,18,-1.0583878
10,17,0.16903347
11,16,0.72249424
12,15,1.0460067
13,14,0.1510947
14,13,0.19333267
15,12,1.8631427
9,19,-2.8454108
10,18,-1.3525939
11,17,0.5885481
12,16,1.0109527
13,15,1.1342402
14,14,1.5901995
15,13,1.9083815
11,18,-0.79537433
12,17,0.6023204
13,16,1.0170695
14,15,1.6066468
15,14,1.859704
16,13,1.5636358
11,19,-1.4937115
12,18,-0.20529729
13,17,1.4612803
14,16,0.59494853
15,15,1.8475432
16,14,1.5741711
17,13,2.4156356
11,20,-1.722022
12,19,-1.0590801
13,18,0.7029746
14,17,1.8597455
15,16,1.2718263
16,15,1.352195
17,14,2.4147387
11,21,-2.2974274
12,20,-1.2717273
13,19,0.5406009
14,18,1.7985997
15,17,1.0194671
16,16,0.5973048
17,15,2.2010584
18,14,2.668644
12,21,-1.370245
13,20,-0.4938354
14,19,0.30447698
15,18,1.7176178
16,17,0.26513228
17,16,0.6224834
18,15,2.3238
12,22,-1.5332196
13,21,-1.170708
14,20,1.2020805
15,19,2.1000206
16,18,0.24616659
17,17,-0.2677138
18,16,0.69100314
13,22,-1.6342499
14,21,-0.1383928
15,20,2.0174456
16,19,0.63655746
17,18,-0.31546926
18,17,0.110070646
19,16,1.3678191
14,22,-0.6957172
15,21,0.38577074
16,20,0.8220528
17,19,0.7163734
18,18,-0.4665411
19,17,1.0576456
20,16,1.6600618
14,23,-1.5412776
15,22,0.06826353
16,21,-0.12804523
17,20,0.3078578
18,19,-1.5571599
19,18,-0.6742583
20,17,0.93995374
14,24,-1.4674504
15,23,-0.5244654
16,22,-0.79413754
17,21,-0.18424636
18,20,-1.0025084
19,19,-0.29730445
20,18,-0.5194216
14,25,-2.1036983
15,24,-0.3006869
16,23,-0.8001291
17,22,-1.0763988
18,21,-1.5500448
19,20,-0.7808157
20,19,-0.53053373
21,18,-0.16810471
14,26,-2.095305
15,25,-0.34926844
16,24,-0.3401065
17,23,-0.1455707
18,22,-1.856072
19,21,0.21903586
20,20,-0.70166796
21,19,-0.5438525
22,18,-0.5243174
15,26,-1.0949326
16,25,0.17560798
17,24,-0.80725193
18,23,-1.6664634
19,22,-2.0777385
20,21,-1.9219868
21,20,-1.4973166
22,19,-0.9760408
15,27,-1.327354
16,26,0.6423141
17,25,0.17766243
18,24,-1.2914925
19,23,-1.5592437
20,22,-2.5661302
21,21,-1.7563927
22,20,-1.782953
16,27,0.25951594
17,26,0.7922916
18,25,0.48028737
19,24,-1.4712782
20,23,-2.332255
21,22,-3.2699838
22,21,-2.8468559
23,20,-1.04091
16,28,2.5278318
17,27,1.1510264
18,26,0.3187576
19,25,-0.28203303
20,24,-1.6619179
21,23,-1.0672305
22,22,-2.324359
23,21,-1.4838033
24,20,-0.14850509
17,28,1.3713329
18,27,1.3047891
19,26,1.3872521
20,25,-0.83527035
21,24,-2.2489583
22,23,-2.768158
23,22,-2.3757076
24,21,-1.2849371
17,29,1.4555974
18,28,2.502055
19,27,1.8283017
20,26,0.09614068
21,25,-0.97912353
22,24,-2.0141535
23,23,-1.070508
24,22,-1.3614283
25,21,0.35191506
18,29,2.7032306
19,28,2.8026867
20,27,2.1147656
21,26,-0.25419372
22,25,-1.1912193
23,24,-1.8785322
24,23,-0.988239
25,22,-0.1255436
18,30,1.8460977
19,29,3.156772
20,28,1.4118485
21,27,1.3998513
22,26,-0.4161852
23,25,-0.43249267
24,24,-1.0446465
25,23,0.24534346
26,22,0.7395765
19,30,2.4112358
20,29,2.974109
21,28,2.7534418
22,27,0.8087031
23,26,-1.3062918
24,25,-0.7008537
25,24,-0.34479165
26,23,0.482417
19,31,2.6787915
20,30,3.039422
21,29,2.5574596
22,28,1.1635678
23,27,0.99797225
24,26,-0.34147477
25,25,0.65955794
26,24,0.2253868
27,23,1.582278
19,32,2.0414665
20,31,3.7895617
21,30,2.1698816
22,29,1.9814498
23,28,1.6736684
24,27,0.44083154
25,26,-0.5735296
26,25,0.6194762
27,24,1.4131515
19,33,1.6330116
20,32,3.3909702
21,31,2.650659
22,30,1.3510025
23,29,2.0076077
24,28,1.3687742
25,27,1.5426569
26,26,1.0329255
27,25,2.350635
28,24,2.2214613
19,34,0.39375323
20,33,3.2191744
21,32,2.1054435
22,31,1.4847891
23,30,1.3137083
24,29,1.9846454
25,28,1.73105
26,27,-0.444475
27,26,1.4745924
28,25,2.259982
20,34,1.4820013
21,33,1.5422723
22,32,0.6389287
23,31,1.3057342
24,30,1.5329022
25,29,2.4742322
26,28,1.7672539
27,27,2.055544
28,26,2.198669
21,34,0.21601468
22,33,0.23732203
23,32,0.48077708
24,31,1.396884
25,30,1.7895885
26,29,2.2649603
27,28,2.8372033
28,27,3.3734462
22,34,-0.92443496
24,32,0.37123007
25,31,1.8894866
26,30,1.9325697
27,29,3.236271
28,28,3.7493675
29,27,3.076946
23,34,-0.7994006
24,33,0.13507527
25,32,0.84239584
26,31,1.8395598
27,30,2.1629426
28,29,3.1900353
29,28,4.074724
23,35,-1.4416571
24,34,-0.57089907
25,33,0.98130256
26,32,1.4448957
27,31,2.8219998
28,30,2.4249325
29,29,3.627097
30,28,2.733179
23,36,-2.619022
24,35,-1.2167273
25,34,-0.03551835
26,33,1.2735023
27,32,1.6604218
28,31,2.1663034
29,30,2.1744916
30,29,2.3623257
24,36,-1.6984832
25,35,-0.24895078
26,34,0.67346805
27,33,1.0351839
28,32,1.9487524
29,31,3.8877144
30,30,1.5274925
24,37,-2.3861923
25,36,-1.1168041
26,35,0.19277185
27,34,1.1950569
28,33,1.8380687
29,32,1.5196493
30,31,0.8027205
31,30,1.594116
24,38,-2.4487116
25,37,-1.2819803
26,36,-0.5111483
27,35,1.1324047
28,34,1.5820258
29,33,3.0109754
30,32,0.5705813
31,31,1.7165978
24,39,-3.0316782
25,38,-1.7925758
26,37,-1.0075152
27,36,0.3666324
28,35,1.2631514
29,34,1.463628
30,33,0.26909053
31,32,0.16970241
32,31,0.16112712
25,39,-2.0645099
26,38,-1.319845
27,37,-0.21355575
28,36,1.0923386
29,35,1.3104217
30,34,0.2079382
31,33,0.20569348
32,32,-0.33179668
25,40,-2.0710535
26,39,-1.6407955
27,38,-0.33784598
28,37,0.93080294
29,36,0.8231824
30,35,-0.55442244
31,34,-0.61176133
32,33,-1.0403476
33,32,-0.76688665
25,41,-2.1581812
26,40,-1.7729745
27,39,-1.0113683
28,38,0.73706967
29,37,0.76992387
30,36,-0.37854725
31,35,-0.55837554
32,34,-1.2190244
33,33,-0.06874363
26,41,-2.009474
27,40,-0.67458385
28,39,0.34665447
29,38,0.08382779
30,37,-0.61474055
31,36,-0.68318516
32,35,-1.6649404
33,34,-1.9594321
34,33,-1.5639079
27,41,-1.1936796
28,40,0.6484106
29,39,0.26134974
30,38,-0.77472216
31,37,-0.7277233
32,36,-1.5726535
33,35,-1.7580595
34,34,-1.9410772
27,42,-0.7983521
28,41,0.04224819
29,40,-0.05173117
30,39,-0.98075515
31,38,-0.9686207
32,37,-1.9798508
33,36,-2.4619582
34,35,-2.6019435
35,34,-2.3506055
27,43,-0.25798905
28,42,-0.0070794225
29,41,-0.2530344
30,40,-0.9247406
31,39,-0.76841885
32,38,-1.8967614
33,37,-2.287745
34,36,-2.715634
35,35,-1.825532
28,43,-0.05407971
29,42,-0.14174968
30,41,-1.0183475
31,40,-1.2099166
32,39,-2.1422822
33,38,-2.6827483
34,37,-3.2565162
35,36,-3.2167847
36,35,-2.7355323
28,44,0.04090947
29,43,-0.26741976
30,42,-0.59899956
31,41,-1.1875021
32,40,-1.7631114
33,39,-2.5901093
34,38,-2.9966528
35,37,-3.0431147
36,36,-2.9804618
28,45,0.24862725
29,44,0.12835062
30,43,-0.3878656
31,42,-1.0301907
32,41,-2.031882
33,40,-2.623732
34,39,-3.353702
35,38,-3.431861
36,37,-3.4773848
37,36,-3.2074401
29,45,0.38600534
30,44,-0.084246755
31,43,-0.67136383
32,42,-1.2961917
33,41,-2.3964138
34,40,-2.8079119
35,39,-3.1200318
36,38,-3.4583774
37,37,-1.7537718
29,46,0.7651825
30,45,0.49700618
31,44,-0.48372698
32,43,-1.116504
33,42,-1.9553971
34,41,-2.6868293
35,40,-3.248162
36,39,-3.284336
37,38,-3.1658323
29,47,1.2949324
30,46,0.8473342
31,45,0.11837983
32,44,-0.57712716
33,43,-1.697252
34,42,-1.995024
35,41,-2.8309221
36,40,-3.2733755
37,39,-2.2732484
38,38,-2.8845253
29,48,1.7618706
30,47,0.8788032
31,46,0.56942
32,45,-0.24347752
33,44,-1.0606346
34,43,-2.2010393
35,42,-2.760806
36,41,-3.1888237
37,40,-3.1827064
38,39,-2.7602448
29,49,1.9104974
30,48,1.2491615
31,47,1.1970129
32,46,0.00061678886
33,45,-0.39584422
34,44,-1.5541797
35,43,-2.4749203
36,42,-2.7304149
37,41,-2.973935
38,40,-3.219128
29,50,2.7425258
30,49,1.694176
31,48,1.458065
32,47,0.82939625
33,46,-0.0066094995
34,45,-1.2760391
35,44,-2.199502
36,43,-2.7711618
37,42,-3.0834424
38,41,-3.1211681
39,40,-2.819474
30,50,2.32481
31,49,1.8721223
32,48,1.1072981
33,47,0.5083848
34,46,-0.3823269
35,45,-0.6726938
36,44,-2.0318298
37,43,-2.6179934
38,42,-2.8814964
39,41,-2.2866905
30,51,1.654618
31,50,2.503807
32,49,1.6679113
33,48,1.1383097
34,47,0.4061823
35,46,-0.83862084
36,45,-1.9386592
37,44,-2.4631023
38,43,-2.973697
39,42,-3.1133523
40,41,-3.0337877
30,52,2.204266
31,51,1.8247268
32,50,2.2462273
33,49,1.7514644
34,48,0.99714404
35,47,0.155029
36,46,-0.9321231
37,45,-2.0530844
38,44,-2.4607654
39,43,-2.5512657
40,42,-2.726267
31,52,0.80850565
32,51,2.0172694
33,50,2.3534834
34,49,1.6101367
35,48,1.0113235
36,47,-0.3311947
37,46,-1.35303
38,45,-2.0563288
39,44,-2.700327
40,43,-2.7591891
31,53,0.24496508
32,52,1.0407753
33,51,1.909384
34,50,2.286935
35,49,1.7567632
36,48,0.76814383
37,47,-0.29127342
38,46,-1.241534
39,45,-1.9072556
40,44,-2.1630754
41,43,-2.1447935
31,54,-0.7246199
32,53,0.23431635
33,52,1.1358588
34,51,1.9782829
35,50,2.6125772
36,49,1.9992774
37,48,0.66377336
38,47,-0.34075493
39,46,-1.6216063
40,45,-1.9665918
41,44,-2.334283
42,43,-2.2030582
33,53,-0.09750506
34,52,1.2932758
35,51,2.0656404
36,50,3.1995847
37,49,2.3653963
38,48,0.15385205
39,47,-0.42123932
40,46,-1.2102962
41,45,-1.775135
42,44,-1.7739091
33,54,-0.66693884
34,53,0.43056172
35,52,1.5381675
36,51,2.2733676
37,50,3.033563
38,49,1.8495781
39,48,0.7035937
40,47,-0.6871114
41,46,-1.455735
42,45,-1.5532928
43,44,-1.6518979
34,54,-0.4915582
35,53,0.87693334
36,52,1.2708488
37,51,2.5173187
38,50,3.3505473
39,49,2.1664927
40,48,1.5888803
41,47,-0.74802285
42,46,-0.74587286
43,45,-0.8498362
34,55,-1.081279
35,54,-0.13115036
36,53,0.93791777
37,52,1.5576017
38,51,2.708151
39,50,3.7519546
40,49,2.0674298
41,48,2.021997
42,47,-0.6664016
43,46,-0.81946814
44,45,-0.3518473
35,55,-1.2444987
36,54,0.0172638
37,53,1.3472223
38,52,1.9354725
39,51,2.9156752
40,50,3.3261743
41,49,3.4393506
42,48,1.064827
43,47,0.36804867
44,46,0.015801549
35,56,-1.8827367
36,55,-0.5653183
37,54,0.28932667
38,53,1.145637
39,52,1.7460744
40,51,2.3695402
41,50,3.1294155
42,49,3.3281734
43,48,1.1434963
44,47,0.7018872
35,57,-2.8672035
36,56,-1.4528878
37,55,-0.07586318
38,54,0.3848518
39,53,1.638073
40,52,1.5307176
41,51,2.8539352
42,50,3.180431
43,49,4.1154623
44,48,1.6846175
45,47,1.909452
36,57,-2.4729114
37,56,-1.0878332
38,55,0.24246752
39,54,0.44384456
40,53,1.0725398
41,52,0.7021436
42,51,2.560909
43,50,3.3035357
44,49,3.9454327
45,48,2.3184555
36,58,-3.2799807
37,57,-1.866622
38,56,-0.81395227
39,55,0.76663417
40,54,0.31480664
41,53,1.1852665
42,52,0.9221489
43,51,3.3412158
44,50,3.5836692
45,49,5.3299785
46,48,3.3193097
36,59,-4.223906
37,58,-2.8551722
38,57,-1.322449
39,56,-0.15570998
40,55,0.45020664
41,54,0.39052498
42,53,0.25162548
43,52,1.5717657
44,51,3.2671058
45,50,4.3157964
46,49,5.308219
36,60,-4.6047206
37,59,-3.9796333
38,58,-2.427054
39,57,-0.8431489
40,56,-0.11047584
41,55,-0.13538843
42,54,0.3219139
43,53,1.5684817
44,52,2.0637887
45,51,4.089593
46,50,4.9477415
47,49,5.183429
36,61,-5.7601995
37,60,-4.582092
38,59,-3.4623165
39,58,-2.5462725
40,57,-0.87402815
41,56,-0.2899826
42,55,-0.007531345
43,54,0.40321118
44,53,1.6218348
45,52,2.654926
46,51,4.0365944
47,50,5.870356
37,61,-4.8745046
38,60,-4.0971127
39,59,-3.341477
40,58,-2.1662602
41,57,-1.0993631
42,56,-0.8823212
43,55,0.026411653
44,54,1.25196
45,53,2.6650167
46,52,3.3804927
47,51,5.336726
48,50,6.750738
37,62,-5.2422004
38,61,-4.597555
39,60,-3.7154393
40,59,-3.0331364
41,58,-2.5671382
42,57,-1.7037892
43,56,-0.5272376
44,55,0.30428046
45,54,1.5837221
46,53,2.5076354
47,52,3.9436874
48,51,5.706275
37,63,-5.7621317
38,62,-4.686345
39,61,-3.635331
40,60,-3.6151536
41,59,-2.8414397
42,58,-2.320649
43,57,-1.2529094
44,56,-0.47457922
45,55,1.1168044
46,54,2.0607488
47,53,3.498114
48,52,4.9885526
49,51,5.9348345
37,64,-6.0291286
38,63,-4.8379316
39,62,-3.9905853
40,61,-3.6093314
41,60,-3.0316782
42,59,-2.683402
43,58,-1.9418786
44,57,-0.66734684
45,56,0.27718878
46,55,1.4999275
47,54,2.5909243
48,53,3.7231045
49,52,5.591135
37,65,-6.47613
38,64,-5.017997
39,63,-4.1118894
40,62,-4.055929
41,61,-3.1719172
42,60,-2.851031
43,59,-2.125277
44,58,-1.30727
45,57,-0.24014068
46,56,1.1753938
47,55,2.2639189
48,54,3.4984543
49,53,4.97295
50,52,6.8350773
39,64,-4.3775473
40,63,-4.071034
41,62,-3.3883667
42,61,-2.9115083
43,60,-2.5078845
44,59,-1.7171843
45,58,-0.6599001
46,57,0.40169382
47,56,1.3898823
48,55,2.6091413
49,54,3.9788413
40,64,-4.493266
41,63,-3.5993433
42,62,-3.2742782
43,61,-2.7290828
44,60,-1.9254217
45,59,-1.0524228
46,58,-0.32546043
47,57,1.1059816
48,56,2.011067
49,55,3.5778573
50,54,5.067781
40,65,-4.5566397
41,64,-4.0372505
42,63,-3.4372952
43,62,-2.820628
44,61,-2.1977541
45,60,-1.5228722
46,59,-0.66498995
47,58,0.3898251
48,57,1.2502589
49,56,2.486309
50,55,4.037042
51,54,4.3072557
41,65,-4.0331736
42,64,-3.6297965
43,63,-3.0034456
44,62,-2.4333339
45,61,-1.9542425
46,60,-0.72048753
47,59,0.12010199
48,58,0.9298628
49,57,2.1629415
50,56,3.3469465
51,55,3.83532
52,54,3.3389485
41,66,-4.5104136
42,65,-3.6693485
43,64,-3.0604844
44,63,-2.5425858
45,62,-2.0929544
46,61,-1.2125144
47,60,-0.43221128
48,59,0.31416762
49,58,1.4681447
50,57,2.269857
51,56,3.198446
41,67,-4.6965585
42,66,-4.054414
43,65,-3.0275376
44,64,-2.7710118
45,63,-2.365641
46,62,-1.6097357
47,61,-0.97350734
48,60,0.027120888
49,59,1.0842819
50,58,2.4481528
51,57,3.120668
52,56,2.0325336
42,67,-4.2813272
43,66,-3.5487928
44,65,-2.8414302
45,64,-2.4551735
46,63,-2.0155778
47,62,-1.1715462
48,61,-0.29205668
49,60,0.6257175
50,59,1.7070832
51,58,1.9994109
52,57,1.0440106
53,56,1.4784815
42,68,-4.556713
43,67,-3.6204963
44,66,-2.8728151
45,65,-2.5704548
46,64,-1.9737492
47,63,-1.7451277
48,62,-0.54495853
49,61,0.43968135
50,60,1.2874768
51,59,1.6650758
52,58,1.0276227
53,57,0.8502574
54,56,0.9290103
42,69,-4.8150964
43,68,-3.6860187
44,67,-3.094723
45,66,-2.756783
46,65,-2.3347497
47,64,-1.6937745
48,63,-1.079885
49,62,0.3454129
50,61,0.97595906
51,60,1.1970634
52,59,1.0494916
53,58,0.4391204
43,69,-4.0568113
44,68,-3.2437167
45,67,-2.765213
46,66,-2.2321997
47,65,-1.776495
48,64,-1.1914208
49,63,-0.04244429
50,62,0.8195361
51,61,0.7943344
52,60,1.2423546
53,59,0.10723202
54,58,-0.10412943
43,70,-4.226812
44,69,-3.422395
45,68,-2.6186528
46,67,-2.4714227
47,66,-1.7363522
48,65,-1.3653815
49,64,-0.45800966
50,63,0.64843464
51,62,0.27649832
52,61,0.46127635
53,60,-0.5043788
54,59,-0.73769003
55,58,-0.2973728
44,70,-3.331469
45,69,-2.6264942
46,68,-2.4032335
47,67,-1.8159809
48,66,-1.29128
49,65,-0.51921326
50,64,0.35545677
51,63,0.16860414
52,62,0.19230777
53,61,-0.6241518
54,60,-0.71146536
55,59,-0.8463994
56,58,-0.34956527
44,71,-3.391839
45,70,-2.4691713
46,69,-2.4282181
47,68,-1.7952847
48,67,-1.1559434
49,66,-0.7122292
50,65,0.024845302
51,64,-0.012331307
52,63,-0.45178485
53,62,-1.0035625
54,61,-1.2212048
44,72,-3.4469995
45,71,-2.6699233
46,70,-1.9905243
47,69,-1.99752
48,68,-0.7740362
49,67,-0.7880135
50,66,0.36870652
51,65,0.16135114
52,64,-0.737421
53,63,-0.9995219
54,62,-1.2755809
45,72,-2.7848396
46,71,-1.8906412
47,70,-1.7455428
48,69,-0.39597082
49,68,-0.5491329
50,67,0.35938507
51,66,-0.0016810298
52,65,-1.0648134
53,64,-0.7055057
54,63,-1.5192773
55,62,-1.3737955
45,73,-2.7489252
46,72,-1.6704705
47,71,-1.7469153
48,70,-0.14834273
49,69,-0.63631237
50,68,0.33804852
51,67,-0.33566046
52,66,-0.97889787
53,65,-1.2991436
54,64,-1.4188282
55,63,-1.5389953
45,74,-2.4379025
46,73,-1.5571916
47,72,-1.323236
48,71,-0.1434904
49,70,0.05407077
50,69,0.3347922
51,68,-0.22540373
52,67,-0.9567737
53,66,-1.3067963
54,65,-1.7652898
55,64,-1.5991166
46,74,-1.3640125
47,73,-1.138422
48,72,-0.09958494
49,71,0.2634048
50,70,0.4992935
51,69,-0.046683848
52,68,-0.6878897
53,67,-1.3286717
54,66,-1.3458381
55,65,-1.5352359
46,75,-1.3245623
47,74,-0.62297636
48,73,-0.442397
49,72,1.419141
50,71,0.5209871
51,70,0.13396186
52,69,-0.5020795
53,68,-1.1047843
54,67,-1.4641361
55,66,-1.7003665
46,76,-0.99905497
47,75,-0.20197296
48,74,0.11383088
49,73,1.4052739
50,72,1.0600588
51,71,0.0031081438
52,70,-0.4700021
53,69,-1.1470122
54,68,-1.2070134
55,67,-1.6427169
56,66,-1.5869312
47,76,0.10397041
48,75,0.51054347
49,74,2.0451283
50,73,1.603919
51,72,0.5880815
52,71,-0.23832548
53,70,-0.6045008
54,69,-1.246613
55,68,-1.5435746
56,67,-1.5243864
48,76,1.3845756
49,75,3.0181394
50,74,2.6275556
51,73,0.70006204
52,72,0.024724305
53,71,-0.31012738
54,70,-0.8209006
55,69,-1.3496311
56,68,-1.2579005
57,67,-1.4762521
48,77,2.0005336
49,76,3.3673663
50,75,3.177975
51,74,1.9072423
52,73,0.6451942
53,72,0.028377116
54,71,-0.6923411
55,70,-1.3279548
56,69,-1.6567061
57,68,-1.7527623
48,78,2.3238015
49,77,4.8405843
50,76,3.8985834
51,75,2.1125014
52,74,1.2588501
53,73,0.40654176
54,72,-0.14464277
55,71,-0.8972946
56,70,-1.2327483
57,69,-1.6421196
58,68,-1.480964
48,79,3.268631
49,78,4.5432944
50,77,4.6110477
51,76,2.9104283
52,75,1.9978175
53,74,0.8666374
54,73,-0.019372642
55,72,-0.9009283
56,71,-1.274698
57,70,-1.5523236
58,69,-1.6621125
48,80,4.3845053
49,79,5.581821
50,78,5.7006855
51,77,3.412441
52,76,2.5121179
53,75,1.4625335
54,74,0.4298088
55,73,-0.4671051
56,72,-1.0155339
57,71,-1.3633394
58,70,-1.6326272
59,69,-1.2571328
48,81,5.6266336
49,80,6.2567296
50,79,6.7942085
51,78,4.075946
52,77,3.003107
53,76,1.9609349
54,75,0.90713555
55,74,0.013365328
56,73,-0.94884187
57,72,-1.2388029
58,71,-1.5711639
59,70,-1.6134574
48,82,5.6555424
49,81,7.27086
50,80,7.5957828
51,79,5.6983075
52,78,3.658591
53,77,2.3147805
54,76,1.3113666
55,75,0.19254738
56,74,-0.5493533
57,73,-1.1095228
58,72,-1.2749252
59,71,-1.6410155
60,70,-1.3049891
48,83,4.816649
49,82,7.893313
50,81,8.99361
51,80,6.7617297
52,79,3.981718
53,78,2.5547495
54,77,1.4776552
55,76,0.6058259
56,75,-0.09604961
57,74,-0.881056
58,73,-1.2584736
59,72,-1.5881314
60,71,-1.5422115
48,84,1.7030249
49,83,6.655631
50,82,8.216092
51,81,7.971213
52,80,5.1148067
53,79,3.5423079
54,78,2.2622008
55,77,0.89550966
56,76,0.4291538
57,75,-0.5777048
58,74,-0.95160466
59,73,-1.3779559
60,72,-1.4953511
50,83,8.411429
51,82,9.066311
52,81,6.758766
53,80,4.4169483
54,79,2.825151
55,78,1.461524
56,77,0.60242605
57,76,0.006576538
58,75,-0.84774226
59,74,-1.2407823
60,73,-1.5333409
61,72,-1.4859962
50,84,6.5237
51,83,7.8763695
52,82,7.9386616
53,81,5.6011047
54,80,3.662354
55,79,2.3831677
56,78,1.2597678
57,77,0.36417824
58,76,-0.34220827
59,75,-0.92950624
60,74,-1.2807405
61,73,-1.6070313
50,85,6.0019183
51,84,6.515169
52,83,6.2198086
53,82,6.417555
54,81,4.4554386
55,80,3.063796
56,79,1.537816
57,78,0.6581195
58,77,0.11260635
59,76,-0.7425267
60,75,-1.1828749
61,74,-1.4175272
51,85,5.1421604
52,84,5.322341
53,83,7.5718436
54,82,5.741001
55,81,3.8381379
56,80,2.4369395
57,79,1.1252353
58,78,0.5942956
59,77,-0.0956355
60,76,-0.7823985
61,75,-1.2230973
62,74,-1.4089499
51,86,3.9176507
52,85,4.353567
53,84,4.5284653
54,83,5.9028797
55,82,5.1717577
56,81,3.3500113
57,80,1.7142408
58,79,0.6786013
59,78,0.023353398
60,77,-0.7029367
61,76,-1.0192523
62,75,-1.4211855
63,74,-1.3874786
52,86,2.9543624
53,85,3.6894083
54,84,3.9763784
55,83,5.126527
56,82,4.4018545
57,81,2.8234246
58,80,1.1307602
59,79,0.51956767
60,78,0.051241517
61,77,-0.7130347
62,76,-0.88921934
63,75,-1.42167
52,87,1.8431029
53,86,2.4981017
54,85,3.028455
55,84,3.5537248
56,83,4.4463663
57,82,3.977507
58,81,2.2619963
59,80,1.0027595
60,79,0.30137855
61,78,-0.49889684
62,77,-0.8863457
63,76,-1.2444842
52,88,0.80716264
53,87,1.650583
54,86,1.946274
55,85,2.427516
56,84,3.0732045
57,83,3.3492475
58,82,3.027882
59,81,2.0172386
60,80,0.935312
61,79,0.24618328
62,78,-0.4327799
63,77,-0.8703019
64,76,-1.0482945
53,88,0.41458988
54,87,0.95626384
55,86,1.5577319
56,85,1.7962682
57,84,2.9138083
58,83,2.7745848
59,82,2.8221893
60,81,1.6706967
61,80,0.7493174
62,79,-0.0010011792
63,78,-0.7322253
64,77,-0.9433405
65,76,-1.2204993
53,89,-0.47862816
54,88,0.09895939
55,87,1.0213947
56,86,0.83778155
57,85,1.6595132
58,84,2.3389916
59,83,2.3143125
60,82,2.5151496
61,81,1.6766887
62,80,0.8525931
63,79,-0.11263323
64,78,-0.49828583
54,89,-0.71715826
55,88,-0.077322245
56,87,0.37991902
57,86,0.4338196
58,85,1.1320002
59,84,1.6899192
60,83,1.7721941
61,82,2.4335425
62,81,1.4083154
63,80,0.5773665
65,78,-0.5348844
66,77,-0.7520887
54,90,-1.6354971
55,89,-0.983216
56,88,-0.5416315
57,87,-0.11194402
58,86,0.22411546
59,85,0.6876619
60,84,1.2839804
61,83,1.6967099
62,82,2.1522038
63,81,1.7566135
64,80,0.6322212
65,79,-0.211288
66,78,-0.28171042
67,77,-0.46954495
54,91,-2.5946178
55,90,-1.7834847
56,89,-1.2530639
57,88,-0.9400833
58,87,-0.6429973
59,86,-0.017766863
60,85,0.5042616
61,84,0.8579061
62,83,1.4808002
63,82,2.0584464
64,81,1.3417892
65,80,0.68133575
66,79,-0.010739237
67,78,-0.032487467
54,92,-3.203048
55,91,-2.3114274
56,90,-2.0456276
57,89,-1.5102334
58,88,-1.2918413
59,87,-1.1252303
60,86,-0.32598174
61,85,0.50349075
62,84,0.76278573
63,83,1.4941645
64,82,2.3171434
65,81,1.4494786
66,80,0.82112646
67,79,0.25658956
68,78,0.058018908
55,92,-3.1895828
56,91,-2.5829792
57,90,-2.1330757
58,89,-1.7617242
59,88,-1.6104147
60,87,-1.0054891
61,86,-1.112114
62,85,0.22492158
63,84,0.6385063
64,83,1.2678375
65,82,1.9294403
66,81,1.4658308
67,80,0.83447874
68,79,0.5809572
69,78,0.21238293
55,93,-2.9783843
56,92,-3.7105803
57,91,-2.605665
58,90,-2.2237678
59,89,-2.1284165
60,88,-1.6139276
61,87,-1.4515741
62,86,-0.89243954
63,85,-0.06442413
64,84,0.59804523
65,83,1.3932734
66,82,2.0700524
67,81,1.6241612
68,80,0.9398423
69,79,0.9331926
56,93,-3.6234083
58,91,-2.4640694
59,90,-2.167602
60,89,-2.2065756
61,88,-1.9021254
62,87,-1.8564878
63,86,-0.9486026
64,85,-0.32705516
65,84,0.19826722
66,83,0.98516667
67,82,2.0379224
68,81,1.721636
56,94,-3.7478006
57,93,-3.1023898
58,92,-2.8737822
59,91,-2.132601
60,90,-2.4624994
61,89,-2.2664776
62,88,-2.130567
63,87,-2.088076
64,86,-0.6989761
65,85,-0.37351364
66,84,0.49483466
67,83,1.2301943
68,82,2.1356342
58,93,-2.8259766
59,92,-2.4082172
60,91,-2.1264625
61,90,-2.2338624
62,89,-2.4601989
63,88,-2.5562024
64,87,-2.1841562
65,86,-1.1957934
66,85,-0.46480006
67,84,0.07663274
68,83,1.2986193
69,82,2.232813
59,93,-2.1110947
60,92,-2.2761853
61,91,-1.7143562
62,90,-2.4133809
63,89,-2.285535
64,88,-2.5676615
65,87,-2.103827
66,86,-0.9384517
67,85,-0.30566737
68,84,0.5064049
69,83,1.5930119
59,94,-2.415051
60,93,-1.8545616
61,92,-1.6865764
62,91,-1.8433039
63,90,-2.2919776
64,89,-2.34846
65,88,-2.5153463
66,87,-1.7667232
67,86,-1.0727046
68,85,-0.47276497
69,84,0.6011785
59,95,-2.2984974
60,94,-2.2643895
61,93,-1.3417072
62,92,-1.9223473
63,91,-1.7581315
64,90,-2.4453201
65,89,-2.3499663
66,88,-2.264397
67,87,-1.4831929
68,86,-0.49378103
69,85,-0.098698854
70,84,0.9216191
59,96,-2.6013925
60,95,-2.0536344
61,94,-1.5470967
62,93,-1.496228
63,92,-1.8586464
64,91,-2.1642497
65,90,-2.311975
66,89,-2.3533509
67,88,-2.01889
68,87,-1.2983618
69,86,-0.6675435
70,85,0.10395491
71,84,0.9833891
59,97,-2.633081
60,96,-2.3804963
61,95,-1.4920101
62,94,-1.6716619
63,93,-1.3687778
64,92,-2.1665218
65,91,-2.0583372
66,90,-2.4355977
67,89,-2.0404358
68,88,-1.6285763
69,87,-1.0449007
70,86,-0.17594355
71,85,-0.0016391277
59,98,-3.0280485
60,97,-2.3280942
61,96,-1.8273003
62,95,-1.3939271
63,94,-1.4589949
64,93,-1.7931261
65,92,-2.0284386
66,91,-2.2534385
67,90,-2.3159347
68,89,-1.9904263
69,88,-1.504674
70,87,-0.86400455
71,86,-0.01982537
60,98,-2.748518
61,97,-1.7077165
62,96,-1.8222632
63,95,-1.0821099
64,94,-1.7541816
65,93,-1.6477938
66,92,-2.0992548
67,91,-2.3561058
68,90,-1.9342859
69,89,-1.9744613
70,88,-0.95462245
71,87,-0.6304187
72,86,0.3509186
60,99,-2.7657726
61,98,-2.0754638
62,97,-1.5741739
63,96,-1.3323777
64,95,-1.306134
65,94,-1.5794916
66,93,-1.7921236
67,92,-2.153129
68,91,-2.1927104
69,90,-1.9700549
70,89,-1.656306
71,88,-0.9356192
72,87,-0.12536693
73,86,0.5829675
60,100,-3.229927
61,99,-2.0777287
62,98,-1.9225297
63,97,-1.1083751
64,96,-1.4609118
65,95,-1.0782325
66,94,-1.6840699
67,93,-1.762996
68,92,-2.3527873
69,91,-2.1060343
70,90,-1.7305429
71,89,-1.193027
72,88,-0.34041882
73,87,0.36459094
61,100,-2.5213866
62,99,-1.8613424
63,98,-1.369287
64,97,-1.131355
65,96,-1.0694599
66,95,-1.3272572
67,94,-1.6565065
68,93,-2.0468445
69,92,-2.1428359
70,91,-1.9499774
71,90,-1.753525
72,89,-0.9187098
73,88,-0.1407598
62,100,-2.3064857
63,99,-1.263758
64,98,-1.4882843
65,97,-0.6669839
66,96,-1.2984271
67,95,-1.2570682
68,94,-1.8759372
69,93,-2.0290704
70,92,-1.9564071
71,91,-1.880919
72,90,-1.1236405
73,89,-0.52612823
74,88,0.3348597
62,101,-2.2860558
63,100,-1.6472015
64,99,-1.1836948
65,98,-0.88734597
66,97,-0.9163881
67,96,-1.2332039
68,95,-1.5545547
69,94,-1.9467981
70,93,-2.023145
71,92,-1.9035237
72,91,-1.6859503
73,90,-0.84954184
74,89,-0.2091327
75,88,0.5273076
62,102,-2.7533076
63,101,-1.599231
64,100,-1.5150628
65,99,-0.66751623
66,98,-0.9803553
67,97,-0.7904302
68,96,-1.4864862
69,95,-1.5723097
70,94,-1.8981485
71,93,-1.9523897
72,92,-1.6507804
73,91,-1.2270138
74,90,-0.21535552
75,89,0.4268908
63,102,-2.0570495
64,101,-1.4293823
65,100,-0.99500054
66,99,-0.7315655
67,98,-0.8677986
68,97,-1.1599169
69,96,-1.4912648
70,95,-1.898597
71,94,-1.9400368
72,93,-1.8115869
73,92,-1.5801234
74,91,-0.7973261
75,90,-0.16941747
64,102,-1.8532362
65,101,-0.8374811
66,100,-1.0876732
67,99,-0.42971963
68,98,-1.1611614
69,97,-1.1401088
70,96,-1.7502961
71,95,-1.8013346
72,94,-1.8137684
73,93,-1.7197387
74,92,-0.9868292
75,91,-0.4254709
76,90,0.35665017
64,103,-1.8249199
65,102,-1.2093308
66,101,-0.8118268
67,100,-0.6033452
68,99,-0.8258723
69,98,-1.118751
70,97,-1.4563236
71,96,-1.7834413
72,95,-1.8673031
73,94,-1.6693025
74,93,-1.551178
76,91,-0.04553005
77,90,0.7148376
65,103,-1.1270075
67,101,-0.3277902
68,100,-0.7743202
69,99,-0.7285324
70,98,-1.3950765
71,97,-1.5370741
72,96,-1.7294643
73,95,-1.7978477
74,94,-1.5496495
75,93,-1.3629017
76,92,-0.23095918
77,91,0.44602013
67,102,-0.67887133
68,101,-0.5209846
69,100,-0.79228806
70,99,-1.117284
71,98,-1.4607086
72,97,-1.6616552
73,96,-1.8208694
74,95,-1.6310573
75,94,-1.4946365
76,93,-0.76387507
77,92,-0.006284237
67,103,-0.40499872
68,102,-0.7272083
69,101,-0.33147973
70,100,-1.0908744
71,99,-1.1214514
72,98,-1.6755219
73,97,-1.7742205
74,96,-1.53565
75,95,-1.6806846
76,94,-1.0019982
78,92,0.35880524
68,103,-0.41517788
69,102,-0.46978945
70,101,-0.7681821
71,100,-1.1288831
72,99,-1.4676414
73,98,-1.5493398
74,97,-1.7503686
75,96,-1.6757879
76,95,-1.5225186
77,94,-0.8078607
78,93,-0.08834261
79,92,0.583789
68,104,-0.8401291
69,103,-0.13874167
70,102,-0.7412069
71,101,-0.7772878
72,100,-1.4905505
73,99,-1.3781085
74,98,-1.6061139
75,97,-1.596967
76,96,-1.6262488
77,95,-1.3294809
78,94,-0.42171937
79,93,0.1456415
69,104,-0.30994505
70,103,-0.42884356
71,102,-0.7772289
72,101,-1.214376
73,100,-1.3613935
74,99,-1.646786
75,98,-1.6021819
76,97,-1.7317812
77,96,-1.6013212
78,95,-0.84825426
79,94,-0.15723968
69,105,-0.039699733
70,104,-0.5670635
71,103,-0.32070595
72,102,-1.1695547
73,101,-1.1294754
74,100,-1.4789078
75,99,-1.5957658
76,98,-1.4645956
77,97,-1.847852
78,96,-1.1299846
80,94,0.19444731
69,106,-0.4385814
70,105,-0.36615855
71,104,-0.39713794
72,103,-0.86886436
73,102,-1.1795812
74,101,-1.2572701
75,100,-1.5163622
76,99,-1.4921246
77,98,-1.8111827
78,97,-1.6295416
79,96,-0.88604563
80,95,-0.27332866
69,107,-0.29380137
70,106,-0.6842172
71,105,-0.091590464
72,104,-0.87671655
73,103,-0.8856705
74,102,-1.2316458
75,101,-1.3562019
76,100,-1.2367685
77,99,-1.8023219
78,98,-1.5631471
79,97,-1.2821224
80,96,-0.4181382
81,95,-0.08052166
70,107,-0.39743203
71,106,-0.4576131
72,105,-0.5962657
73,104,-0.92904013
74,103,-1.0082927
75,102,-1.1800344
76,101,-1.3341453
77,100,-1.5998397
78,99,-1.8815691
79,98,-1.500535
80,97,-0.89429015
81,96,-0.050242856
70,108,-0.7219994
71,107,-0.19101506
72,106,-0.88495225
74,104,-0.98577183
75,103,-1.0353117
76,102,-1.0471747
77,101,-1.4102662
78,100,-1.6920033
79,99,-1.7010295
80,98,-0.99327487
82,96,0.15857066
71,108,-0.5513264
72,107,-0.60495466
73,106,-0.72437614
74,105,-0.7644013
75,104,-0.8167764
76,103,-1.0688338
77,102,-1.1691353
78,101,-1.7714827
79,100,-1.7704742
80,99,-1.4737823
81,98,-0.6248418
82,97,-0.49416405
71,109,-0.29062623
72,108,-0.8523888
73,107,-0.2817977
74,106,-0.75021356
75,105,-0.584097
76,104,-0.8999607
77,103,-0.78386736
78,102,-1.3984153
79,101,-1.9906654
80,100,-1.4953251
81,99,-1.1832414
82,98,-0.46037233
71,110,-0.62429845
72,109,-0.54456383
73,108,-0.47358006
74,107,-0.42928803
75,106,-0.52870584
76,105,-0.7735527
77,104,-0.9087538
78,103,-1.3036673
79,102,-1.6738179
80,101,-1.7252564
81,100,-1.1079104
82,99,-1.0261171
72,110,-0.814739
73,109,-0.14195591
74,108,-0.42955166
75,107,-0.20202798
76,106,-0.5745958
77,105,-0.68766785
78,104,-0.8692474
79,103,-1.7184186
80,102,-1.5508504
81,101,-1.6781301
82,100,-0.9397556
71,112,-1.0345583
72,111,-0.7394659
73,110,-0.41024804
74,109,-0.06704062
75,108,-0.1349538
76,107,-0.41414267
77,106,-0.68260366
78,105,-0.8472373
79,104,-1.2954555
80,103,-1.7366827
81,102,-1.3578815
82,101,-1.5590241
72,112,-1.0471432
73,111,-0.2484135
74,110,-0.3971998
75,109,0.23949641
76,108,-0.20261616
77,107,-0.4124813
78,106,-0.6077216
79,105,-0.9385268
80,104,-1.4945991
81,103,-1.5214493
82,102,-1.2799459
72,113,-1.0688136
73,112,-0.5451993
74,111,-0.21217722
75,110,0.16313773
76,109,-0.042620003
77,108,-0.41327637
78,107,-0.48083037
79,106,-0.8790106
80,105,-1.2562268
81,104,-1.2817426
82,103,-1.9048991
72,114,-1.373235
73,113,-0.57139
74,112,-0.52459985
75,111,0.3028869
76,110,-0.088804305
77,109,-0.22755295
78,108,-0.1960581
79,107,-0.42331088
80,106,-0.6687228
81,105,-1.1016538
82,104,-1.3763695
83,103,-2.0406325
84,102,-1.1332476
73,114,-0.86396426
74,113,-0.30667192
75,112,0.029133737
76,111,0.1828466
77,110,-0.20196539
78,109,-0.26182246
79,108,0.086444795
80,107,-0.59151995
81,106,-1.0905747
82,105,-1.524688
83,104,-1.6532395
84,103,-1.5170729
74,114,-0.4940496
75,113,0.26202828
76,112,0.17878062
77,111,0.21284968
78,110,-0.20717901
79,109,0.4138736
80,108,-0.45881385
81,107,-0.75672686
82,106,-1.0482028
83,105,-1.8944905
84,104,-1.638778
75,114,0.23122138
76,113,0.49770862
77,112,0.2555583
78,111,-0.10630852
79,110,0.64846194
80,109,0.094302
81,108,-0.48606318
82,107,-1.0862505
83,106,-1.2533298
84,105,-1.8382547
74,116,-0.58184606
75,115,0.32412797
76,114,0.25358695
77,113,0.706202
78,112,0.10262734
79,111,0.6978454
80,110,0.5263894
81,109,-0.16600937
82,108,-0.2690617
83,107,-1.516639
84,106,-1.6211693
74,117,-0.5833609
75,116,0.22178584
76,115,0.7058837
77,114,0.8219153
78,113,0.50876087
79,112,0.9032656
80,111,1.132849
81,110,0.21401769
82,109,-0.15400636
83,108,-1.027626
84,107,-1.7124746
85,106,-1.9457197
75,117,0.28583354
76,116,0.9601695
77,115,1.2460968
78,114,0.8283781
79,113,1.1956239
80,112,1.7298751
81,111,0.7734417
82,110,0.072925985
83,109,-0.9803092
84,108,-1.3920579
85,107,-1.9208434
75,118,0.55882126
76,117,1.3086808
77,116,1.3948705
78,115,1.3354907
79,114,1.3896251
80,113,2.3209305
81,112,1.3165543
82,111,0.34230947
83,110,-0.4659372
84,109,-1.3353069
85,108,-1.7846127
86,107,-1.7409406
76,118,1.4442279
77,117,1.9307992
78,116,1.6785097
79,115,1.8732288
80,114,2.8138123
81,113,1.922651
82,112,0.7585973
83,111,-0.24545789
84,110,-0.96917635
85,109,-1.695684
86,108,-1.5954795
76,119,1.7523305
77,118,2.2452462
78,117,2.4014015
79,116,2.1408153
80,115,2.885999
81,114,2.598896
82,113,1.2407899
83,112,0.05657488
84,111,-0.51956344
85,110,-1.1995575
86,109,-1.564831
76,120,1.630693
77,119,2.5376542
78,118,2.877334
79,117,2.8516045
80,116,3.0281005
81,115,3.2160158
82,114,1.8751686
83,113,0.49564165
84,112,-0.1996547
85,111,-1.2000954
86,110,-1.16273
77,120,2.595068
78,119,3.1374907
79,118,3.4798944
80,117,3.4112592
81,116,3.918856
82,115,2.4548445
83,114,1.1351819
84,113,-0.1273312
85,112,-0.70195264
86,111,-1.2254844
87,110,-1.2195368
78,120,3.4412837
79,119,4.282549
80,118,4.1580124
81,117,4.689906
82,116,3.098483
83,115,1.6923778
84,114,0.29375917
85,113,-0.2585649
86,112,-0.8010316
87,111,-1.179276
77,122,2.6646912
78,121,3.5319998
79,120,4.4834886
80,119,4.7842464
81,118,5.6767664
82,117,3.7861605
83,116,2.2975852
84,115,0.8749754
85,114,-0.108757794
86,113,-0.80180264
87,112,-1.0992801
78,122,3.669249
79,121,4.8556666
80,120,5.497168
81,119,6.143916
82,118,4.5970674
83,117,2.912095
84,116,1.3837667
85,115,0.32688892
86,114,-0.25706947
87,113,-1.0401375
78,123,3.9131942
79,122,4.9352427
80,121,5.90839
81,120,6.7618876
82,119,5.3256865
83,118,3.5795102
84,117,2.042738
85,116,0.7451909
86,115,0.17071193
87,114,-0.7196792
88,113,-0.7909636
78,124,5.079413
79,123,5.5892353
80,122,6.077913
81,121,6.9947987
82,120,5.9759197
83,119,4.130722
84,118,2.5714889
85,117,1.2233832
86,116,0.33454293
87,115,-0.5615415
88,114,-0.696228
79,124,5.7461805
80,123,6.211133
81,122,7.481838
82,121,6.6617136
83,120,4.9249296
84,119,3.1772702
85,118,1.7843196
86,117,0.7904517
87,116,0.14718395
88,115,-0.6641376
80,124,6.513788
81,123,8.021777
82,122,7.4911585
83,121,5.5254855
84,120,3.6922202
85,119,2.3258266
86,118,1.2944934
87,117,0.5268038
88,116,-0.3043936
80,125,7.438102
81,124,8.117866
82,123,8.482445
83,122,6.3930845
84,121,3.8366747
85,120,2.4923449
86,119,1.5307767
87,118,0.7965529
88,117,-0.023209393
89,116,-0.6840356
80,126,7.072188
81,125,9.257918
82,124,8.90884
83,123,6.8830423
84,122,4.088484
85,121,2.7841365
86,120,2.0116727
87,119,1.126431
88,118,0.6812795
89,117,-0.57522225
80,127,5.911414
81,126,9.063383
82,125,9.776413
83,124,7.3943386
84,123,4.459735
85,122,2.7504573
86,121,1.700906
87,120,1.2188976
88,119,0.8454003
89,118,-0.19765025
80,128,4.3181252
81,127,7.9470534
82,126,9.603115
83,125,8.106901
84,124,5.6827683
85,123,3.4280565
86,122,2.188471
87,121,0.8672927
88,120,1.1698585
89,119,0.4485203
90,118,-0.29314488
81,128,6.051846
82,127,9.42457
83,126,9.312077
84,125,6.9665585
85,124,4.189559
86,123,2.597348
87,122,1.5830758
88,121,1.1856441
89,120,0.9013696
81,129,4.776374
82,128,7.7374363
83,127,8.534357
84,126,7.8188477
85,125,5.609709
86,124,3.7108524
87,123,2.4055324
88,122,1.5137954
89,121,1.1138873
90,120,0.500181
81,130,3.0213861
82,129,7.199418
83,128,7.577921
84,127,6.639676
85,126,6.7246876
86,125,4.432748
87,124,3.018011
88,123,1.7646759
89,122,1.1225
90,121,0.91899014
91,120,-0.2617495
82,130,5.8030257
83,129,7.441806
84,128,5.2127066
85,127,5.858347
86,126,5.8500853
87,125,3.6577067
88,124,2.5587263
89,123,0.94727755
90,122,1.1078875
91,121,0.08196771
81,132,1.1530081
82,131,4.473665
83,130,5.3574257
84,129,4.016164
85,128,4.175154
86,127,5.3638434
87,126,4.1171765
88,125,2.7718933
89,124,1.8615193
90,123,0.92148685
91,122,0.8662204
82,132,3.4810014
83,131,5.1697807
84,130,2.922171
85,129,2.9216244
86,128,3.410075
87,127,4.402401
88,126,3.5465193
89,125,2.0646365
90,124,1.5368223
91,123,0.58077574
82,133,2.0039184
83,132,2.981901
84,131,2.3355331
85,130,2.195835
86,129,2.418737
87,128,2.5763361
88,127,3.5312295
89,126,2.4123647
90,125,1.4804995
91,124,0.73365456
92,123,0.70329714
83,133,1.6739097
84,132,1.3804326
85,131,1.5433404
86,130,1.4725587
87,129,1.9463027
88,128,2.2632911
89,127,2.8319192
90,126,2.0367455
91,125,0.5740697
92,124,0.68471473
83,134,0.876857
84,133,0.5801911
85,132,0.42504638
86,131,0.75949043
87,130,1.0225949
88,129,0.96374047
89,128,2.0812516
90,127,2.0372453
91,126,1.0536919
83,135,-0.32857412
84,134,-0.17721087
85,133,-0.26530737
86,132,-0.06686467
87,131,0.62950534
88,130,0.1739456
89,129,0.5622974
90,128,2.0684004
91,127,1.3306363
92,126,0.88450176
84,135,-1.6345274
85,134,-0.8046396
86,133,-0.7032705
87,132,-0.22443396
88,131,-0.34809417
89,130,-0.50462645
90,129,0.10039967
91,128,1.4848979
92,127,0.7566824
93,126,-0.44091833
84,136,-2.1904874
85,135,-2.0137112
86,134,-1.2925489
87,133,-0.7721536
88,132,-0.88261443
89,131,-0.7374543
90,130,-1.0340137
91,129,0.16505116
93,127,-0.11959064
84,137,-2.9219759
85,136,-2.5009468
86,135,-1.8504148
87,134,-1.3563294
88,133,-1.1240351
89,132,-1.4231846
90,131,-1.5871248
91,130,-1.4018574
92,129,-0.05544609
84,138,-3.2765937
85,137,-3.1257544
86,136,-2.2155247
87,135,-1.768677
88,134,-1.5035708
89,133,-1.3924668
90,132,-1.9170632
91,131,-1.7347102
92,130,-1.3019245
93,129,-0.15679592
85,138,-3.5169609
86,137,-2.9485092
87,136,-2.3015587
88,135,-1.9337194
89,134,-1.7765517
90,133,-2.0324507
91,132,-2.1611388
92,131,-2.311334
93,130,-1.4032383
85,139,-4.112485
86,138,-3.3302581
87,137,-2.6974506
88,136,-2.462204
89,135,-1.9054782
90,134,-2.2879152
91,133,-2.162258
92,132,-2.439498
93,131,-2.0829594
86,139,-3.8404741
87,138,-3.2205398
88,137,-2.6986346
89,136,-2.2022996
90,135,-2.1694467
91,134,-2.358179
92,133,-2.454796
93,132,-2.542946
86,140,-4.02429
87,139,-3.6184635
88,138,-3.0227413
89,137,-2.3527937
90,136,-2.2285736
91,135,-2.1722527
92,134,-2.4809163
93,133,-2.3899782
86,141,-4.3646407
87,140,-3.7800677
88,139,-3.2308218
89,138,-2.7008214
90,137,-2.2668664
91,136,-2.2164013
92,135,-2.426238
93,134,-2.5401952
86,142,-4.5329456
87,141,-4.061082
88,140,-3.5356033
89,139,-2.8336697
90,138,-2.4306846
91,137,-1.9754865
92,136,-2.3482096
94,134,-2.4926438
86,143,-4.69867
87,142,-4.1877375
88,141,-3.6529598
89,140,-3.109815
90,139,-2.5201445
91,138,-2.041297
92,137,-2.1615505
93,136,-2.329759
94,135,-2.393341
95,134,-2.3307693
87,143,-4.2412696
88,142,-3.7888937
89,141,-3.2286143
90,140,-2.742692
91,139,-2.009641
92,138,-2.1705291
93,137,-1.8919199
94,136,-2.3319652
87,144,-4.3580008
88,143,-3.8258433
89,142,-3.3790512
90,141,-2.749422
91,140,-2.2170825
92,139,-1.9357402
93,138,-1.9071722
94,137,-1.9751143
87,145,-4.446214
88,144,-3.9384866
89,143,-3.3519804
90,142,-3.0010717
91,141,-2.1411893
92,140,-1.9883828
94,138,-1.9459023
87,146,-4.557987
88,145,-3.9928331
89,144,-3.467739
90,143,-2.9573576
91,142,-2.3680627
92,141,-1.8922453
93,140,-1.6386797
94,139,-1.5690541
96,137,-1.6960721
88,146,-4.124154
89,145,-3.5613723
90,144,-3.173167
91,143,-2.349765
92,142,-2.1162598
93,141,-1.298568
94,140,-1.6632121
96,138,-1.5808187
89,146,-3.7092233
90,145,-3.2057912
91,144,-2.6040368
92,143,-2.022738
93,142,-1.5285549
94,141,-1.339457
95,140,-1.2430754
89,147,-3.815784
90,146,-3.3778534
91,145,-2.6759622
92,144,-2.2645895
93,143,-1.4162204
94,142,-1.4818337
96,140,-1.2484353
90,147,-3.452313
91,146,-2.9059355
92,145,-2.2350485
93,144,-1.6871753
94,143,-1.1972873
96,141,-0.90101
98,139,-0.6760022
91,147,-2.9827275
92,146,-2.5057135
93,145,-1.6110318
94,144,-1.4143722
95,143,-0.7034674
96,142,-1.0134685
92,147,-2.5614994
93,146,-1.8755183
94,145,-1.3167365
95,144,-0.9033709
92,148,-2.7818723
93,147,-1.9119616
94,146,-1.5595093
95,145,-0.67000407
96,144,-0.8867498
98,142,-0.44748622
93,148,-2.1815176
94,147,-1.5164711
95,146,-0.94119745
96,145,-0.6103515
94,148,-1.7655609
95,147,-0.86438733
96,146,-0.79488236
98,144,-0.36513752
94,149,-1.7854972
95,148,-1.1553619
96,147,-0.5760266
97,146,-0.329202
94,150,-2.0573578
95,149,-1.1169755
96,148,-0.8441593
97,147,-0.08567661
98,146,-0.29861206
94,151,-2.1284602
95,150,-1.3952706
96,149,-0.7896629
97,148,-0.29412538
98,147,-0.05898255
94,152,-2.4054782
96,150,-1.0570617
97,149,-0.13059562
98,148,-0.24881893
99,147,0.40338677
100,146,0.4395271
96,151,-1.0270875
97,150,-0.42041856
98,149,-0.020200193
99,148,0.20403713
96,152,-1.3911104
97,151,-0.3507957
98,150,-0.26941532
100,148,0.24448234
96,153,-1.5868337
97,152,-0.76108044
98,151,-0.079853594
100,149,0.4519177
96,154,-2.0896523
97,153,-0.9798253
98,152,-0.47228032
100,150,0.18880695
101,149,1.0567265
96,155,-2.3358006
97,154,-1.4727995
98,153,-0.6095632
99,152,0.12022835
100,151,0.39353424
101,150,0.71577626
98,154,-1.1373787
99,153,0.06619781
100,152,0.0996446
101,151,0.825329
102,150,0.847302
98,155,-1.3731773
99,154,-0.5136598
100,153,0.21502393
102,151,0.902762
98,156,-1.8961818
99,155,-0.7697739
100,154,-0.2499246
102,152,0.53814477
103,151,1.374366
99,156,-1.2837503
100,155,-0.42440158
101,154,0.2815271
102,153,0.63702065
103,152,1.0670466
100,156,-0.9640617
102,154,0.28524357
103,153,1.1110773
104,152,1.1920004
100,157,-1.2102613
101,156,-0.33260244
102,155,0.36238283
104,153,1.211236
101,157,-0.57564384
104,154,0.88435
105,153,1.510504
102,157,-0.24555844
105,154,1.2146053
106,154,1.237838
104,157,0.5464892
106,155,1.2095916
106,156,0.8745523
107,155,1.4870939
108,156,1.1247003
108,157,1.1273746
108,158,0.7713674
109,157,1.276777
110,159,0.82412595
110,160,0.4466527
